{
    "type": "service_account",
    "project_id": "eighth-radio-438718-c2",
    "private_key_id": "7c9acc47290134c95cb85a95a34ff0b6b512c632",
    "private_key": "-----BEGIN PRIVATE KEY-----\n",
    "client_email": "rudra@eighth-radio-438718-c2.iam.gserviceaccount.com",
    "client_id": "111668792677768646960",
    "auth_uri": "https://accounts.google.com/o/oauth2/auth",
    "token_uri": "https://oauth2.googleapis.com/token",
    "auth_provider_x509_cert_url": "https://www.googleapis.com/oauth2/v1/certs",
    "client_x509_cert_url": "https://www.googleapis.com/robot/v1/metadata/x509/lakshya%40eighth-radio-438718-c2.iam.gserviceaccount.com",
    "universe_domain": "googleapis.com"
}